Income_Group,N_Total,N_Missing,Pct_Missing,Original_Mean,Original_Std,Original_Median,Median_Imp_Mean,Median_Imp_Std,Median_Imp_Median,KNN_Mean,KNN_Std,KNN_Median
HIC,699,557,79.68526466380544,13.410806864788732,7.952643973710918,12.0,12.286601680686694,3.6191741403645366,12.0,9.411411422546493,5.273966030689043,8.139691179999993
UMIC,560,474,84.64285714285714,14.488150722093023,8.070188647983862,13.999999500000001,14.074965580535714,3.1518575710197627,13.999999500000001,10.665962498785715,7.144066016392291,8.4
LMIC,591,518,87.64805414551607,14.350491297260273,10.715191855923942,11.0,11.413850870896786,3.9024036414474867,11.0,10.183597230964466,7.421999433880397,8.4
LIC,317,274,86.43533123028391,12.576978646511627,6.540442517340217,12.0,12.078265242271293,2.3926465868512943,12.0,9.640118995457412,6.5213244662110235,8.4
ALL,2216,1868,84.29602888086643,13.67861098678161,8.483811111612555,12.0,12.457651798916967,3.5494432827467888,12.0,9.971864055676894,6.600414333335515,8.4
