Year,Metric,Correlation,P-value,N,Significance
2024,GDP per Capita,-0.1302241970793387,0.09247799504590756,168,.
2024,Health Expenditure (% GDP),0.2137734972332617,0.19749360600128066,38,ns
2024,Vaccine Hesitancy (%),-0.07950646189566915,0.7055947040522919,25,ns
2024,Urban Population (%),-0.14173905730546615,0.055627036362860476,183,.
2024,Net Migration,-0.04228626184245773,0.5708528192022705,182,ns
2024,Household Size,0.17899239003808912,0.02309609438833622,161,*
2024,Vaccine Coverage 1st Dose (%),-0.2935170475219692,5.2601400959453777e-05,184,***
2024,Vaccine Coverage 2nd Dose (%),-0.1842120963426547,0.013306135398320068,180,*
