,PC1,PC2,PC3
"GDP per capita, PPP (constant 2021 international $)",0.43627788612847046,0.14263717189136013,0.08205560184792511
"Current health expenditure per capita, PPP (current international $)",0.43237836912133987,-0.11529952633940853,0.08788225549777652
Urban population (% of total population),0.36959106219720406,0.05246391395523771,-0.10963962095114166
Birth Rate,-0.4076259303737413,-0.030708117413924693,0.2761816939205943
Net Migration,0.15296721145151596,-0.6417631455352943,0.6871417383055791
Population Density,0.12085129972366575,0.7385977357981924,0.589458951994389
Political Stability Index,0.3555959445987698,-0.02309074572419525,0.0337747524722191
Average household size (number of members),-0.3943369363664597,0.06888739250734761,0.2765502744933428
Year,0.0,0.0,0.0
