Year,Metric,Correlation,P-value,N,Significance
2024,GDP per Capita,0.4114230652903722,0.001091722657801544,60,**
2024,Vaccine Hesitancy (%),,,60,
2024,Urban Population (%),0.062034665852675946,0.6377377088592502,60,ns
2024,Net Migration,0.16834444435794899,0.19852739706575193,60,ns
2024,Household Size,-0.342466284229426,0.007396393040226562,60,**
2024,Vaccine Coverage 1st Dose (%),-0.2064470056594589,0.11351416028094463,60,ns
2024,Vaccine Coverage 2nd Dose (%),-0.20668704845349095,0.11308581056964222,60,ns
2024,Year,,,60,
