Income_Group,Coefficient,Std_Error,CI_Lower,CI_Upper,P_Value,N_Observations,N_Countries,Pct_Change_Per_1Pct
Low income,-0.0301028673499348,0.007182465451421025,-0.04418024095492323,-0.016025493744946367,2.775309216355941e-05,292,25,-3.0102867349934797
Lower middle income,-0.014984128350166843,0.006091494802211892,-0.026923238774515093,-0.0030450179258185942,0.01389973293080613,544,49,-1.4984128350166843
Upper middle income,-0.005320086737665789,0.0063323713634817575,-0.01773130654682283,0.0070911330714912525,0.40082916355914,511,52,-0.5320086737665789
High income,-0.039176862400695595,0.01677681041210876,-0.07205880658388535,-0.006294918217505843,0.019534049793513187,639,63,-3.9176862400695596
